{"initial_reset_timestamp": 1606394870.4355688, "timestamps": [1606394884.144682], "episode_lengths": [500], "episode_rewards": [500.0], "episode_types": ["t"]}